S_No,Name,Gender,Age,Department,Attendance,Study_Hours,Assignment_Marks,Internal_Marks,Exam_Score,Result
1,Aastha,Female,19,CSE,92.0,6.5,18,27.0,88,Pass
2,Amrutha,Female,20,CSE,88.0,6.0,17,26.0,84,Pass
3,Shivam,Male,19,ECE,75.0,4.5,14,21.0,66,Pass
4,Usha,Female,21,ECE,82.0,5.0,16,23.0,72,Pass
5,Anusha,Female,20,CSE,68.0,3.0,12,,52,Pass
6,Adarsh,Male,21,EEE,60.0,2.0,10,15.0,41,Fail
7,Karan,Male,20,ECE,,4.0,13,20.0,61,Pass
8,Ansh,Male,19,EEE,65.0,2.5,11,17.0,48,Fail
9,Likhita,Female,20,CSE,95.0,7.5,19,29.0,93,Pass
10,Neha,Female,19,ECE,85.0,5.5,16,24.0,78,Pass
11,Laalitya,Female,21,EEE,78.0,4.8,15,,70,Pass
12,Anvi,Female,20,CSE,90.0,6.8,18,28.0,86,Pass
13,Likhita,Female,20,CSE,95.0,7.5,19,29.0,93,Pass
14,Anvi,Female,20,CSE,90.0,6.8,18,28.0,86,Pass
